timestamp_localtime,experiment,pioreactor_unit,timestamp,alt_media_fraction
2023-11-28 00:54:47,Spirulina 003,pio001,2023-11-28T00:54:47.677127Z,0.0
2023-11-28 01:11:52,Spirulina 003,pio001,2023-11-28T01:11:52.893328Z,0.0
2023-11-28 01:16:42,Spirulina 003,pio001,2023-11-28T01:16:42.877050Z,0.0
2023-11-28 01:50:15,Spirulina 003,pio001,2023-11-28T01:50:15.352464Z,0.0
2023-11-28 01:50:21,Spirulina 003,pio001,2023-11-28T01:50:21.617054Z,0.0
2023-11-28 01:50:23,Spirulina 003,pio001,2023-11-28T01:50:23.130974Z,0.0
2023-11-28 01:56:15,Spirulina 003,pio001,2023-11-28T01:56:15.317937Z,0.0
2023-11-28 01:56:21,Spirulina 003,pio001,2023-11-28T01:56:21.573443Z,0.0
2023-11-28 01:56:23,Spirulina 003,pio001,2023-11-28T01:56:23.033776Z,0.0
2023-11-28 01:59:15,Spirulina 003,pio001,2023-11-28T01:59:15.310829Z,0.0
2023-11-28 01:59:21,Spirulina 003,pio001,2023-11-28T01:59:21.555193Z,0.0
2023-11-28 01:59:23,Spirulina 003,pio001,2023-11-28T01:59:23.026847Z,0.0
2023-11-28 02:13:45,Spirulina 003,pio001,2023-11-28T02:13:45.352546Z,0.0
2023-11-28 02:13:51,Spirulina 003,pio001,2023-11-28T02:13:51.609733Z,0.0
2023-11-28 02:13:53,Spirulina 003,pio001,2023-11-28T02:13:53.085996Z,0.0
2023-11-28 02:43:45,Spirulina 003,pio001,2023-11-28T02:43:45.316649Z,0.0
2023-11-28 02:43:51,Spirulina 003,pio001,2023-11-28T02:43:51.561937Z,0.0
2023-11-28 02:43:53,Spirulina 003,pio001,2023-11-28T02:43:53.018071Z,0.0
2023-11-28 03:05:45,Spirulina 003,pio001,2023-11-28T03:05:45.317719Z,0.0
2023-11-28 03:05:51,Spirulina 003,pio001,2023-11-28T03:05:51.577185Z,0.0
2023-11-28 03:05:53,Spirulina 003,pio001,2023-11-28T03:05:53.038750Z,0.0
2023-11-28 03:52:15,Spirulina 003,pio001,2023-11-28T03:52:15.329265Z,0.0
2023-11-28 03:52:21,Spirulina 003,pio001,2023-11-28T03:52:21.589175Z,0.0
2023-11-28 03:52:23,Spirulina 003,pio001,2023-11-28T03:52:23.051903Z,0.0
2023-11-28 04:20:45,Spirulina 003,pio001,2023-11-28T04:20:45.325023Z,0.0
2023-11-28 04:20:51,Spirulina 003,pio001,2023-11-28T04:20:51.583706Z,0.0
2023-11-28 04:20:53,Spirulina 003,pio001,2023-11-28T04:20:53.051127Z,0.0
2023-11-28 07:10:15,Spirulina 003,pio001,2023-11-28T07:10:15.311747Z,0.0
2023-11-28 07:10:21,Spirulina 003,pio001,2023-11-28T07:10:21.561763Z,0.0
2023-11-28 07:10:23,Spirulina 003,pio001,2023-11-28T07:10:23.039596Z,0.0
2023-11-28 09:43:45,Spirulina 003,pio001,2023-11-28T09:43:45.320965Z,0.0
2023-11-28 09:43:51,Spirulina 003,pio001,2023-11-28T09:43:51.565539Z,0.0
2023-11-28 09:43:53,Spirulina 003,pio001,2023-11-28T09:43:53.033552Z,0.0
2023-11-28 09:50:15,Spirulina 003,pio001,2023-11-28T09:50:15.252551Z,0.0
2023-11-28 09:50:21,Spirulina 003,pio001,2023-11-28T09:50:21.493497Z,0.0
2023-11-28 09:50:22,Spirulina 003,pio001,2023-11-28T09:50:22.962071Z,0.0
2023-11-28 10:33:15,Spirulina 003,pio001,2023-11-28T10:33:15.314607Z,0.0
2023-11-28 10:33:21,Spirulina 003,pio001,2023-11-28T10:33:21.566199Z,0.0
2023-11-28 10:33:23,Spirulina 003,pio001,2023-11-28T10:33:23.093167Z,0.0
2023-11-28 10:46:45,Spirulina 003,pio001,2023-11-28T10:46:45.222532Z,0.0
2023-11-28 10:46:51,Spirulina 003,pio001,2023-11-28T10:46:51.509505Z,0.0
2023-11-28 10:46:53,Spirulina 003,pio001,2023-11-28T10:46:53.006626Z,0.0
2023-11-28 11:05:45,Spirulina 003,pio001,2023-11-28T11:05:45.355638Z,0.0
2023-11-28 11:05:51,Spirulina 003,pio001,2023-11-28T11:05:51.604188Z,0.0
2023-11-28 11:05:53,Spirulina 003,pio001,2023-11-28T11:05:53.070425Z,0.0
2023-11-28 12:47:15,Spirulina 003,pio001,2023-11-28T12:47:15.317385Z,0.0
2023-11-28 12:47:21,Spirulina 003,pio001,2023-11-28T12:47:21.568373Z,0.0
2023-11-28 12:47:23,Spirulina 003,pio001,2023-11-28T12:47:23.038072Z,0.0
2023-11-28 13:21:45,Spirulina 003,pio001,2023-11-28T13:21:45.318951Z,0.0
2023-11-28 13:21:51,Spirulina 003,pio001,2023-11-28T13:21:51.581216Z,0.0
2023-11-28 13:21:53,Spirulina 003,pio001,2023-11-28T13:21:53.055527Z,0.0
2023-11-28 13:54:15,Spirulina 003,pio001,2023-11-28T13:54:15.319030Z,0.0
2023-11-28 13:54:21,Spirulina 003,pio001,2023-11-28T13:54:21.572538Z,0.0
2023-11-28 13:54:23,Spirulina 003,pio001,2023-11-28T13:54:23.033954Z,0.0
2023-11-28 14:24:45,Spirulina 003,pio001,2023-11-28T14:24:45.320254Z,0.0
2023-11-28 14:24:51,Spirulina 003,pio001,2023-11-28T14:24:51.570939Z,0.0
2023-11-28 14:24:53,Spirulina 003,pio001,2023-11-28T14:24:53.036314Z,0.0
2023-11-28 14:41:45,Spirulina 003,pio001,2023-11-28T14:41:45.320388Z,0.0
2023-11-28 14:41:51,Spirulina 003,pio001,2023-11-28T14:41:51.565386Z,0.0
2023-11-28 14:41:53,Spirulina 003,pio001,2023-11-28T14:41:53.026115Z,0.0
2023-11-28 15:22:45,Spirulina 003,pio001,2023-11-28T15:22:45.313066Z,0.0
2023-11-28 15:22:51,Spirulina 003,pio001,2023-11-28T15:22:51.576722Z,0.0
2023-11-28 15:22:53,Spirulina 003,pio001,2023-11-28T15:22:53.025058Z,0.0
2023-11-28 16:49:45,Spirulina 003,pio001,2023-11-28T16:49:45.312944Z,0.0
2023-11-28 16:49:51,Spirulina 003,pio001,2023-11-28T16:49:51.600615Z,0.0
2023-11-28 16:49:53,Spirulina 003,pio001,2023-11-28T16:49:53.098762Z,0.0
2023-11-28 17:03:15,Spirulina 003,pio001,2023-11-28T17:03:15.322046Z,0.0
2023-11-28 17:03:21,Spirulina 003,pio001,2023-11-28T17:03:21.582269Z,0.0
2023-11-28 17:03:23,Spirulina 003,pio001,2023-11-28T17:03:23.045147Z,0.0
2023-11-28 21:50:45,Spirulina 003,pio001,2023-11-28T21:50:45.313826Z,0.0
2023-11-28 21:50:51,Spirulina 003,pio001,2023-11-28T21:50:51.557912Z,0.0
2023-11-28 21:50:53,Spirulina 003,pio001,2023-11-28T21:50:53.060063Z,0.0
2023-11-28 22:19:45,Spirulina 003,pio001,2023-11-28T22:19:45.327602Z,0.0
2023-11-28 22:19:51,Spirulina 003,pio001,2023-11-28T22:19:51.586515Z,0.0
2023-11-28 22:19:53,Spirulina 003,pio001,2023-11-28T22:19:53.069051Z,0.0
2023-11-28 23:25:15,Spirulina 003,pio001,2023-11-28T23:25:15.322165Z,0.0
2023-11-28 23:25:21,Spirulina 003,pio001,2023-11-28T23:25:21.566097Z,0.0
2023-11-28 23:25:23,Spirulina 003,pio001,2023-11-28T23:25:23.055548Z,0.0
2023-11-28 23:50:15,Spirulina 003,pio001,2023-11-28T23:50:15.361005Z,0.0
2023-11-28 23:50:21,Spirulina 003,pio001,2023-11-28T23:50:21.648642Z,0.0
2023-11-28 23:50:23,Spirulina 003,pio001,2023-11-28T23:50:23.151892Z,0.0
2023-11-29 00:07:45,Spirulina 003,pio001,2023-11-29T00:07:45.343652Z,0.0
2023-11-29 00:07:51,Spirulina 003,pio001,2023-11-29T00:07:51.595509Z,0.0
2023-11-29 00:07:53,Spirulina 003,pio001,2023-11-29T00:07:53.064973Z,0.0
2023-11-29 00:35:45,Spirulina 003,pio001,2023-11-29T00:35:45.315842Z,0.0
2023-11-29 00:35:51,Spirulina 003,pio001,2023-11-29T00:35:51.560363Z,0.0
2023-11-29 00:35:53,Spirulina 003,pio001,2023-11-29T00:35:53.039190Z,0.0
2023-11-29 01:16:15,Spirulina 003,pio001,2023-11-29T01:16:15.327725Z,0.0
2023-11-29 01:16:21,Spirulina 003,pio001,2023-11-29T01:16:21.574146Z,0.0
2023-11-29 01:16:23,Spirulina 003,pio001,2023-11-29T01:16:23.044112Z,0.0
2023-11-29 04:49:45,Spirulina 003,pio001,2023-11-29T04:49:45.322249Z,0.0
2023-11-29 04:49:51,Spirulina 003,pio001,2023-11-29T04:49:51.561528Z,0.0
2023-11-29 04:49:53,Spirulina 003,pio001,2023-11-29T04:49:53.040495Z,0.0
2023-11-29 05:07:15,Spirulina 003,pio001,2023-11-29T05:07:15.319117Z,0.0
2023-11-29 05:07:21,Spirulina 003,pio001,2023-11-29T05:07:21.632623Z,0.0
2023-11-29 05:07:23,Spirulina 003,pio001,2023-11-29T05:07:23.169293Z,0.0
2023-11-29 05:23:45,Spirulina 003,pio001,2023-11-29T05:23:45.328671Z,0.0
2023-11-29 05:23:51,Spirulina 003,pio001,2023-11-29T05:23:51.586082Z,0.0
2023-11-29 05:23:53,Spirulina 003,pio001,2023-11-29T05:23:53.060769Z,0.0
2023-11-29 06:12:45,Spirulina 003,pio001,2023-11-29T06:12:45.314873Z,0.0
2023-11-29 06:12:51,Spirulina 003,pio001,2023-11-29T06:12:51.563378Z,0.0
2023-11-29 06:12:53,Spirulina 003,pio001,2023-11-29T06:12:53.077322Z,0.0
2023-11-29 06:31:15,Spirulina 003,pio001,2023-11-29T06:31:15.216155Z,0.0
2023-11-29 06:31:21,Spirulina 003,pio001,2023-11-29T06:31:21.474935Z,0.0
2023-11-29 06:31:22,Spirulina 003,pio001,2023-11-29T06:31:22.945998Z,0.0
2023-11-29 08:50:45,Spirulina 003,pio001,2023-11-29T08:50:45.341847Z,0.0
2023-11-29 08:50:51,Spirulina 003,pio001,2023-11-29T08:50:51.587691Z,0.0
2023-11-29 08:50:53,Spirulina 003,pio001,2023-11-29T08:50:53.087511Z,0.0
2023-11-29 10:48:15,Spirulina 003,pio001,2023-11-29T10:48:15.323471Z,0.0
2023-11-29 10:48:21,Spirulina 003,pio001,2023-11-29T10:48:21.580961Z,0.0
2023-11-29 10:48:23,Spirulina 003,pio001,2023-11-29T10:48:23.058521Z,0.0
2023-11-29 11:24:15,Spirulina 003,pio001,2023-11-29T11:24:15.317499Z,0.0
2023-11-29 11:24:21,Spirulina 003,pio001,2023-11-29T11:24:21.622220Z,0.0
2023-11-29 11:24:23,Spirulina 003,pio001,2023-11-29T11:24:23.135210Z,0.0
2023-11-29 17:56:28,Spirulina 003,pio001,2023-11-29T17:56:28.558964Z,0.0
2023-11-29 20:28:01,Spirulina 003,pio001,2023-11-29T20:28:01.275125Z,0.0
2023-11-29 20:28:07,Spirulina 003,pio001,2023-11-29T20:28:07.737218Z,0.0
2023-11-29 20:28:09,Spirulina 003,pio001,2023-11-29T20:28:09.204810Z,0.0
2023-11-29 20:28:30,Spirulina 003,pio001,2023-11-29T20:28:30.923091Z,0.0
2023-11-29 20:28:37,Spirulina 003,pio001,2023-11-29T20:28:37.204052Z,0.0
2023-11-29 20:28:38,Spirulina 003,pio001,2023-11-29T20:28:38.666843Z,0.0
2023-11-29 20:44:31,Spirulina 003,pio001,2023-11-29T20:44:31.023742Z,0.0
2023-11-29 20:44:37,Spirulina 003,pio001,2023-11-29T20:44:37.292077Z,0.0
2023-11-29 20:44:38,Spirulina 003,pio001,2023-11-29T20:44:38.774286Z,0.0
2023-11-29 20:54:01,Spirulina 003,pio001,2023-11-29T20:54:01.032632Z,0.0
2023-11-29 20:54:07,Spirulina 003,pio001,2023-11-29T20:54:07.312608Z,0.0
2023-11-29 20:54:08,Spirulina 003,pio001,2023-11-29T20:54:08.781282Z,0.0
2023-11-29 21:13:31,Spirulina 003,pio001,2023-11-29T21:13:31.030811Z,0.0
2023-11-29 21:13:37,Spirulina 003,pio001,2023-11-29T21:13:37.302471Z,0.0
2023-11-29 21:13:38,Spirulina 003,pio001,2023-11-29T21:13:38.761286Z,0.0
2023-11-29 21:20:31,Spirulina 003,pio001,2023-11-29T21:20:31.030111Z,0.0
2023-11-29 21:20:37,Spirulina 003,pio001,2023-11-29T21:20:37.294524Z,0.0
2023-11-29 21:20:38,Spirulina 003,pio001,2023-11-29T21:20:38.745124Z,0.0
2023-11-29 21:51:01,Spirulina 003,pio001,2023-11-29T21:51:01.030141Z,0.0
2023-11-29 21:51:07,Spirulina 003,pio001,2023-11-29T21:51:07.302292Z,0.0
2023-11-29 21:51:08,Spirulina 003,pio001,2023-11-29T21:51:08.770148Z,0.0
2023-11-29 22:11:31,Spirulina 003,pio001,2023-11-29T22:11:31.100166Z,0.0
2023-11-29 22:11:37,Spirulina 003,pio001,2023-11-29T22:11:37.412229Z,0.0
2023-11-29 22:11:38,Spirulina 003,pio001,2023-11-29T22:11:38.879438Z,0.0
2023-11-29 22:54:01,Spirulina 003,pio001,2023-11-29T22:54:01.026690Z,0.0
2023-11-29 22:54:07,Spirulina 003,pio001,2023-11-29T22:54:07.320483Z,0.0
2023-11-29 22:54:08,Spirulina 003,pio001,2023-11-29T22:54:08.770589Z,0.0
2023-11-29 23:27:01,Spirulina 003,pio001,2023-11-29T23:27:01.028596Z,0.0
2023-11-29 23:27:07,Spirulina 003,pio001,2023-11-29T23:27:07.305224Z,0.0
2023-11-29 23:27:08,Spirulina 003,pio001,2023-11-29T23:27:08.770386Z,0.0
2023-11-29 23:27:31,Spirulina 003,pio001,2023-11-29T23:27:31.019671Z,0.0
2023-11-29 23:27:37,Spirulina 003,pio001,2023-11-29T23:27:37.317311Z,0.0
2023-11-29 23:27:38,Spirulina 003,pio001,2023-11-29T23:27:38.790921Z,0.0
2023-11-30 00:37:31,Spirulina 003,pio001,2023-11-30T00:37:31.035014Z,0.0
2023-11-30 00:37:37,Spirulina 003,pio001,2023-11-30T00:37:37.330569Z,0.0
2023-11-30 00:37:38,Spirulina 003,pio001,2023-11-30T00:37:38.784624Z,0.0
2023-11-30 01:05:01,Spirulina 003,pio001,2023-11-30T01:05:01.028552Z,0.0
2023-11-30 01:05:07,Spirulina 003,pio001,2023-11-30T01:05:07.305755Z,0.0
2023-11-30 01:05:08,Spirulina 003,pio001,2023-11-30T01:05:08.761338Z,0.0
2023-11-30 03:22:01,Spirulina 003,pio001,2023-11-30T03:22:01.027009Z,0.0
2023-11-30 03:22:07,Spirulina 003,pio001,2023-11-30T03:22:07.327982Z,0.0
2023-11-30 03:22:08,Spirulina 003,pio001,2023-11-30T03:22:08.818286Z,0.0
2023-11-30 04:04:01,Spirulina 003,pio001,2023-11-30T04:04:01.024509Z,0.0
2023-11-30 04:04:07,Spirulina 003,pio001,2023-11-30T04:04:07.339304Z,0.0
2023-11-30 04:04:08,Spirulina 003,pio001,2023-11-30T04:04:08.831217Z,0.0
2023-11-30 04:34:31,Spirulina 003,pio001,2023-11-30T04:34:31.023039Z,0.0
2023-11-30 04:34:37,Spirulina 003,pio001,2023-11-30T04:34:37.288301Z,0.0
2023-11-30 04:34:38,Spirulina 003,pio001,2023-11-30T04:34:38.791572Z,0.0
2023-11-30 04:35:00,Spirulina 003,pio001,2023-11-30T04:35:00.920224Z,0.0
2023-11-30 04:35:07,Spirulina 003,pio001,2023-11-30T04:35:07.177913Z,0.0
2023-11-30 04:35:08,Spirulina 003,pio001,2023-11-30T04:35:08.651949Z,0.0
2023-11-30 08:58:01,Spirulina 003,pio001,2023-11-30T08:58:01.025222Z,0.0
2023-11-30 08:58:07,Spirulina 003,pio001,2023-11-30T08:58:07.342305Z,0.0
2023-11-30 08:58:08,Spirulina 003,pio001,2023-11-30T08:58:08.832538Z,0.0
2023-11-30 08:58:31,Spirulina 003,pio001,2023-11-30T08:58:31.048853Z,0.0
2023-11-30 08:58:37,Spirulina 003,pio001,2023-11-30T08:58:37.354640Z,0.0
2023-11-30 08:58:38,Spirulina 003,pio001,2023-11-30T08:58:38.816774Z,0.0
2023-11-30 23:00:31,Spirulina 003,pio001,2023-11-30T23:00:31.025544Z,0.0
2023-11-30 23:00:37,Spirulina 003,pio001,2023-11-30T23:00:37.288246Z,0.0
2023-11-30 23:00:38,Spirulina 003,pio001,2023-11-30T23:00:38.752123Z,0.0
2023-11-30 23:21:31,Spirulina 003,pio001,2023-11-30T23:21:31.112342Z,0.0
2023-11-30 23:21:37,Spirulina 003,pio001,2023-11-30T23:21:37.379172Z,0.0
2023-11-30 23:21:38,Spirulina 003,pio001,2023-11-30T23:21:38.854638Z,0.0
2023-12-01 00:29:01,Spirulina 003,pio001,2023-12-01T00:29:01.027055Z,0.0
2023-12-01 00:29:07,Spirulina 003,pio001,2023-12-01T00:29:07.308629Z,0.0
2023-12-01 00:29:08,Spirulina 003,pio001,2023-12-01T00:29:08.765216Z,0.0
2023-12-01 00:48:31,Spirulina 003,pio001,2023-12-01T00:48:31.027881Z,0.0
2023-12-01 00:48:37,Spirulina 003,pio001,2023-12-01T00:48:37.313165Z,0.0
2023-12-01 00:48:38,Spirulina 003,pio001,2023-12-01T00:48:38.763249Z,0.0
2023-12-01 01:12:01,Spirulina 003,pio001,2023-12-01T01:12:01.026532Z,0.0
2023-12-01 01:12:07,Spirulina 003,pio001,2023-12-01T01:12:07.293671Z,0.0
2023-12-01 01:12:08,Spirulina 003,pio001,2023-12-01T01:12:08.752356Z,0.0
2023-12-01 02:33:31,Spirulina 003,pio001,2023-12-01T02:33:31.029401Z,0.0
2023-12-01 02:33:37,Spirulina 003,pio001,2023-12-01T02:33:37.300719Z,0.0
2023-12-01 02:33:38,Spirulina 003,pio001,2023-12-01T02:33:38.756847Z,0.0
2023-12-01 04:08:01,Spirulina 003,pio001,2023-12-01T04:08:01.020430Z,0.0
2023-12-01 04:08:07,Spirulina 003,pio001,2023-12-01T04:08:07.359522Z,0.0
2023-12-01 04:08:08,Spirulina 003,pio001,2023-12-01T04:08:08.853834Z,0.0
2023-12-01 05:28:31,Spirulina 003,pio001,2023-12-01T05:28:31.025734Z,0.0
2023-12-01 05:28:37,Spirulina 003,pio001,2023-12-01T05:28:37.301577Z,0.0
2023-12-01 05:28:38,Spirulina 003,pio001,2023-12-01T05:28:38.757813Z,0.0
2023-12-01 07:17:31,Spirulina 003,pio001,2023-12-01T07:17:31.025630Z,0.0
2023-12-01 07:17:37,Spirulina 003,pio001,2023-12-01T07:17:37.291626Z,0.0
2023-12-01 07:17:38,Spirulina 003,pio001,2023-12-01T07:17:38.756588Z,0.0
2023-12-01 08:04:01,Spirulina 003,pio001,2023-12-01T08:04:01.084135Z,0.0
2023-12-01 08:04:07,Spirulina 003,pio001,2023-12-01T08:04:07.361755Z,0.0
2023-12-01 08:04:08,Spirulina 003,pio001,2023-12-01T08:04:08.821338Z,0.0
2023-12-01 23:13:31,Spirulina 003,pio001,2023-12-01T23:13:31.023804Z,0.0
2023-12-01 23:13:37,Spirulina 003,pio001,2023-12-01T23:13:37.297936Z,0.0
2023-12-01 23:13:38,Spirulina 003,pio001,2023-12-01T23:13:38.749970Z,0.0
2023-12-02 00:00:31,Spirulina 003,pio001,2023-12-02T00:00:31.115964Z,0.0
2023-12-02 00:00:37,Spirulina 003,pio001,2023-12-02T00:00:37.415289Z,0.0
2023-12-02 00:00:38,Spirulina 003,pio001,2023-12-02T00:00:38.917542Z,0.0
2023-12-02 00:51:31,Spirulina 003,pio001,2023-12-02T00:51:31.025435Z,0.0
2023-12-02 00:51:37,Spirulina 003,pio001,2023-12-02T00:51:37.286836Z,0.0
2023-12-02 00:51:38,Spirulina 003,pio001,2023-12-02T00:51:38.736768Z,0.0
2023-12-02 02:32:31,Spirulina 003,pio001,2023-12-02T02:32:31.026778Z,0.0
2023-12-02 02:32:37,Spirulina 003,pio001,2023-12-02T02:32:37.288953Z,0.0
2023-12-02 02:32:38,Spirulina 003,pio001,2023-12-02T02:32:38.781426Z,0.0
2023-12-02 02:59:01,Spirulina 003,pio001,2023-12-02T02:59:01.021663Z,0.0
2023-12-02 02:59:07,Spirulina 003,pio001,2023-12-02T02:59:07.300327Z,0.0
2023-12-02 02:59:08,Spirulina 003,pio001,2023-12-02T02:59:08.756417Z,0.0
2023-12-02 05:38:31,Spirulina 003,pio001,2023-12-02T05:38:31.035741Z,0.0
2023-12-02 05:38:37,Spirulina 003,pio001,2023-12-02T05:38:37.322999Z,0.0
2023-12-02 05:38:38,Spirulina 003,pio001,2023-12-02T05:38:38.831140Z,0.0
2023-12-02 06:01:31,Spirulina 003,pio001,2023-12-02T06:01:31.104969Z,0.0
2023-12-02 06:01:37,Spirulina 003,pio001,2023-12-02T06:01:37.415535Z,0.0
2023-12-02 06:01:38,Spirulina 003,pio001,2023-12-02T06:01:38.871485Z,0.0
2023-12-02 06:02:00,Spirulina 003,pio001,2023-12-02T06:02:00.924586Z,0.0
2023-12-02 06:02:07,Spirulina 003,pio001,2023-12-02T06:02:07.199862Z,0.0
2023-12-02 06:02:08,Spirulina 003,pio001,2023-12-02T06:02:08.664204Z,0.0
2023-12-03 01:03:01,Spirulina 003,pio001,2023-12-03T01:03:01.030587Z,0.0
2023-12-03 01:03:07,Spirulina 003,pio001,2023-12-03T01:03:07.304425Z,0.0
2023-12-03 01:03:08,Spirulina 003,pio001,2023-12-03T01:03:08.766150Z,0.0
2023-12-03 02:54:01,Spirulina 003,pio001,2023-12-03T02:54:01.033588Z,0.0
2023-12-03 02:54:07,Spirulina 003,pio001,2023-12-03T02:54:07.312300Z,0.0
2023-12-03 02:54:08,Spirulina 003,pio001,2023-12-03T02:54:08.779229Z,0.0
2023-12-03 04:12:31,Spirulina 003,pio001,2023-12-03T04:12:31.031570Z,0.0
2023-12-03 04:12:37,Spirulina 003,pio001,2023-12-03T04:12:37.290797Z,0.0
2023-12-03 04:12:38,Spirulina 003,pio001,2023-12-03T04:12:38.762679Z,0.0
2023-12-03 05:31:31,Spirulina 003,pio001,2023-12-03T05:31:31.030668Z,0.0
2023-12-03 05:31:37,Spirulina 003,pio001,2023-12-03T05:31:37.285709Z,0.0
2023-12-03 05:31:38,Spirulina 003,pio001,2023-12-03T05:31:38.737724Z,0.0
2023-12-03 06:15:31,Spirulina 003,pio001,2023-12-03T06:15:31.048125Z,0.0
2023-12-03 06:15:37,Spirulina 003,pio001,2023-12-03T06:15:37.303976Z,0.0
2023-12-03 06:15:38,Spirulina 003,pio001,2023-12-03T06:15:38.779746Z,0.0
2023-12-03 07:39:01,Spirulina 003,pio001,2023-12-03T07:39:01.035634Z,0.0
2023-12-03 07:39:07,Spirulina 003,pio001,2023-12-03T07:39:07.301867Z,0.0
2023-12-03 07:39:08,Spirulina 003,pio001,2023-12-03T07:39:08.755005Z,0.0
2023-12-03 09:30:31,Spirulina 003,pio001,2023-12-03T09:30:31.125728Z,0.0
2023-12-03 09:30:37,Spirulina 003,pio001,2023-12-03T09:30:37.387842Z,0.0
2023-12-03 09:30:38,Spirulina 003,pio001,2023-12-03T09:30:38.847661Z,0.0
2023-12-04 00:46:30,Spirulina 003,pio001,2023-12-04T00:46:30.922812Z,0.0
2023-12-04 00:46:37,Spirulina 003,pio001,2023-12-04T00:46:37.214349Z,0.0
2023-12-04 00:46:38,Spirulina 003,pio001,2023-12-04T00:46:38.711369Z,0.0
2023-12-04 02:58:01,Spirulina 003,pio001,2023-12-04T02:58:01.029136Z,0.0
2023-12-04 02:58:07,Spirulina 003,pio001,2023-12-04T02:58:07.367271Z,0.0
2023-12-04 02:58:08,Spirulina 003,pio001,2023-12-04T02:58:08.858061Z,0.0
2023-12-04 04:56:31,Spirulina 003,pio001,2023-12-04T04:56:31.033563Z,0.0
2023-12-04 04:56:37,Spirulina 003,pio001,2023-12-04T04:56:37.301693Z,0.0
2023-12-04 04:56:38,Spirulina 003,pio001,2023-12-04T04:56:38.766894Z,0.0
2023-12-04 07:11:31,Spirulina 003,pio001,2023-12-04T07:11:31.028502Z,0.0
2023-12-04 07:11:37,Spirulina 003,pio001,2023-12-04T07:11:37.327458Z,0.0
2023-12-04 07:11:38,Spirulina 003,pio001,2023-12-04T07:11:38.782771Z,0.0
2023-12-04 09:20:01,Spirulina 003,pio001,2023-12-04T09:20:01.024695Z,0.0
2023-12-04 09:20:07,Spirulina 003,pio001,2023-12-04T09:20:07.342240Z,0.0
2023-12-04 09:20:08,Spirulina 003,pio001,2023-12-04T09:20:08.768548Z,0.0
2023-12-05 07:50:31,Spirulina 003,pio001,2023-12-05T07:50:31.019905Z,0.0
2023-12-05 07:50:37,Spirulina 003,pio001,2023-12-05T07:50:37.277657Z,0.0
2023-12-05 07:50:38,Spirulina 003,pio001,2023-12-05T07:50:38.728943Z,0.0
2023-12-05 08:32:31,Spirulina 003,pio001,2023-12-05T08:32:31.029227Z,0.0
2023-12-05 08:32:37,Spirulina 003,pio001,2023-12-05T08:32:37.289609Z,0.0
2023-12-05 08:32:38,Spirulina 003,pio001,2023-12-05T08:32:38.785649Z,0.0
2023-12-13 03:47:01,Spirulina 003,pio001,2023-12-13T03:47:01.026214Z,0.0
2023-12-13 03:47:07,Spirulina 003,pio001,2023-12-13T03:47:07.308658Z,0.0
2023-12-13 03:47:08,Spirulina 003,pio001,2023-12-13T03:47:08.813297Z,0.0
2023-12-13 03:51:01,Spirulina 003,pio001,2023-12-13T03:51:01.022052Z,0.0
2023-12-13 03:51:07,Spirulina 003,pio001,2023-12-13T03:51:07.304922Z,0.0
2023-12-13 03:51:08,Spirulina 003,pio001,2023-12-13T03:51:08.762968Z,0.0
2023-12-13 03:51:30,Spirulina 003,pio001,2023-12-13T03:51:30.918200Z,0.0
2023-12-13 03:51:37,Spirulina 003,pio001,2023-12-13T03:51:37.184132Z,0.0
2023-12-13 03:51:38,Spirulina 003,pio001,2023-12-13T03:51:38.635594Z,0.0
2023-12-13 03:52:00,Spirulina 003,pio001,2023-12-13T03:52:00.922447Z,0.0
2023-12-13 03:52:07,Spirulina 003,pio001,2023-12-13T03:52:07.187579Z,0.0
2023-12-13 03:52:08,Spirulina 003,pio001,2023-12-13T03:52:08.692786Z,0.0
2023-12-13 03:52:30,Spirulina 003,pio001,2023-12-13T03:52:30.929091Z,0.0
2023-12-13 03:52:37,Spirulina 003,pio001,2023-12-13T03:52:37.195117Z,0.0
2023-12-13 03:52:38,Spirulina 003,pio001,2023-12-13T03:52:38.665583Z,0.0
2023-12-13 03:53:00,Spirulina 003,pio001,2023-12-13T03:53:00.921762Z,0.0
2023-12-13 03:53:07,Spirulina 003,pio001,2023-12-13T03:53:07.284827Z,0.0
2023-12-13 03:53:08,Spirulina 003,pio001,2023-12-13T03:53:08.740595Z,0.0
2023-12-13 03:56:31,Spirulina 003,pio001,2023-12-13T03:56:31.029072Z,0.0
2023-12-13 03:56:37,Spirulina 003,pio001,2023-12-13T03:56:37.305115Z,0.0
2023-12-13 03:56:38,Spirulina 003,pio001,2023-12-13T03:56:38.761905Z,0.0
2023-12-13 04:14:01,Spirulina 003,pio001,2023-12-13T04:14:01.018132Z,0.0
2023-12-13 04:14:07,Spirulina 003,pio001,2023-12-13T04:14:07.342855Z,0.0
2023-12-13 04:14:08,Spirulina 003,pio001,2023-12-13T04:14:08.842139Z,0.0
2023-12-13 04:33:01,Spirulina 003,pio001,2023-12-13T04:33:01.025082Z,0.0
2023-12-13 04:33:07,Spirulina 003,pio001,2023-12-13T04:33:07.308734Z,0.0
2023-12-13 04:33:08,Spirulina 003,pio001,2023-12-13T04:33:08.772579Z,0.0
2023-12-13 05:01:01,Spirulina 003,pio001,2023-12-13T05:01:01.036529Z,0.0
2023-12-13 05:01:07,Spirulina 003,pio001,2023-12-13T05:01:07.319422Z,0.0
2023-12-13 05:01:08,Spirulina 003,pio001,2023-12-13T05:01:08.789752Z,0.0
2023-12-13 05:27:31,Spirulina 003,pio001,2023-12-13T05:27:31.029393Z,0.0
2023-12-13 05:27:37,Spirulina 003,pio001,2023-12-13T05:27:37.304496Z,0.0
2023-12-13 05:27:38,Spirulina 003,pio001,2023-12-13T05:27:38.767897Z,0.0
2023-12-13 05:28:00,Spirulina 003,pio001,2023-12-13T05:28:00.922669Z,0.0
2023-12-13 05:28:07,Spirulina 003,pio001,2023-12-13T05:28:07.175826Z,0.0
2023-12-13 05:28:08,Spirulina 003,pio001,2023-12-13T05:28:08.640793Z,0.0
2023-12-13 05:32:01,Spirulina 003,pio001,2023-12-13T05:32:01.026500Z,0.0
2023-12-13 05:32:07,Spirulina 003,pio001,2023-12-13T05:32:07.307658Z,0.0
2023-12-13 05:32:08,Spirulina 003,pio001,2023-12-13T05:32:08.767446Z,0.0
2023-12-13 05:32:31,Spirulina 003,pio001,2023-12-13T05:32:31.057026Z,0.0
2023-12-13 05:32:37,Spirulina 003,pio001,2023-12-13T05:32:37.367392Z,0.0
2023-12-13 05:32:38,Spirulina 003,pio001,2023-12-13T05:32:38.833841Z,0.0
2023-12-13 05:44:31,Spirulina 003,pio001,2023-12-13T05:44:31.032181Z,0.0
2023-12-13 05:44:37,Spirulina 003,pio001,2023-12-13T05:44:37.308034Z,0.0
2023-12-13 05:44:38,Spirulina 003,pio001,2023-12-13T05:44:38.766544Z,0.0
2023-12-13 05:55:31,Spirulina 003,pio001,2023-12-13T05:55:31.025558Z,0.0
2023-12-13 05:55:37,Spirulina 003,pio001,2023-12-13T05:55:37.293827Z,0.0
2023-12-13 05:55:38,Spirulina 003,pio001,2023-12-13T05:55:38.755005Z,0.0
2023-12-13 06:06:01,Spirulina 003,pio001,2023-12-13T06:06:01.043931Z,0.0
2023-12-13 06:06:07,Spirulina 003,pio001,2023-12-13T06:06:07.313096Z,0.0
2023-12-13 06:06:08,Spirulina 003,pio001,2023-12-13T06:06:08.773124Z,0.0
2023-12-13 06:06:30,Spirulina 003,pio001,2023-12-13T06:06:30.924234Z,0.0
2023-12-13 06:06:37,Spirulina 003,pio001,2023-12-13T06:06:37.201551Z,0.0
2023-12-13 06:06:38,Spirulina 003,pio001,2023-12-13T06:06:38.669566Z,0.0
2023-12-13 06:31:06,Spirulina 003,pio001,2023-12-13T06:31:06.052774Z,0.0
2023-12-13 06:31:12,Spirulina 003,pio001,2023-12-13T06:31:12.323497Z,0.0
2023-12-13 06:31:13,Spirulina 003,pio001,2023-12-13T06:31:13.808550Z,0.0
2023-12-13 06:44:31,Spirulina 003,pio001,2023-12-13T06:44:31.026563Z,0.0
2023-12-13 06:44:37,Spirulina 003,pio001,2023-12-13T06:44:37.286731Z,0.0
2023-12-13 06:44:38,Spirulina 003,pio001,2023-12-13T06:44:38.740573Z,0.0
2023-12-13 06:50:31,Spirulina 003,pio001,2023-12-13T06:50:31.032618Z,0.0
2023-12-13 06:50:37,Spirulina 003,pio001,2023-12-13T06:50:37.299068Z,0.0
2023-12-13 06:50:38,Spirulina 003,pio001,2023-12-13T06:50:38.754122Z,0.0
2023-12-13 07:03:31,Spirulina 003,pio001,2023-12-13T07:03:31.037106Z,0.0
2023-12-13 07:03:37,Spirulina 003,pio001,2023-12-13T07:03:37.300995Z,0.0
2023-12-13 07:03:38,Spirulina 003,pio001,2023-12-13T07:03:38.759092Z,0.0
2023-12-13 07:12:31,Spirulina 003,pio001,2023-12-13T07:12:31.017710Z,0.0
2023-12-13 07:12:37,Spirulina 003,pio001,2023-12-13T07:12:37.319494Z,0.0
2023-12-13 07:12:38,Spirulina 003,pio001,2023-12-13T07:12:38.812017Z,0.0
2023-12-13 07:25:01,Spirulina 003,pio001,2023-12-13T07:25:01.015504Z,0.0
2023-12-13 07:25:07,Spirulina 003,pio001,2023-12-13T07:25:07.299103Z,0.0
2023-12-13 07:25:08,Spirulina 003,pio001,2023-12-13T07:25:08.763463Z,0.0
2023-12-13 07:25:30,Spirulina 003,pio001,2023-12-13T07:25:30.916242Z,0.0
2023-12-13 07:25:37,Spirulina 003,pio001,2023-12-13T07:25:37.184693Z,0.0
2023-12-13 07:25:38,Spirulina 003,pio001,2023-12-13T07:25:38.654988Z,0.0
2023-12-13 07:55:00,Spirulina 003,pio001,2023-12-13T07:55:00.990954Z,0.0
2023-12-13 07:55:07,Spirulina 003,pio001,2023-12-13T07:55:07.265578Z,0.0
2023-12-13 07:55:08,Spirulina 003,pio001,2023-12-13T07:55:08.719547Z,0.0
2023-12-13 08:07:01,Spirulina 003,pio001,2023-12-13T08:07:01.028225Z,0.0
2023-12-13 08:07:07,Spirulina 003,pio001,2023-12-13T08:07:07.293577Z,0.0
2023-12-13 08:07:08,Spirulina 003,pio001,2023-12-13T08:07:08.747890Z,0.0
2023-12-13 08:07:30,Spirulina 003,pio001,2023-12-13T08:07:30.923391Z,0.0
2023-12-13 08:07:37,Spirulina 003,pio001,2023-12-13T08:07:37.183239Z,0.0
2023-12-13 08:07:38,Spirulina 003,pio001,2023-12-13T08:07:38.647665Z,0.0
2023-12-13 08:27:01,Spirulina 003,pio001,2023-12-13T08:27:01.021867Z,0.0
2023-12-13 08:27:07,Spirulina 003,pio001,2023-12-13T08:27:07.301325Z,0.0
2023-12-13 08:27:08,Spirulina 003,pio001,2023-12-13T08:27:08.764889Z,0.0
2023-12-13 08:41:06,Spirulina 003,pio001,2023-12-13T08:41:06.124202Z,0.0
2023-12-13 08:41:12,Spirulina 003,pio001,2023-12-13T08:41:12.392548Z,0.0
2023-12-13 08:41:13,Spirulina 003,pio001,2023-12-13T08:41:13.855134Z,0.0
2023-12-13 08:41:30,Spirulina 003,pio001,2023-12-13T08:41:30.923311Z,0.0
2023-12-13 08:41:37,Spirulina 003,pio001,2023-12-13T08:41:37.214048Z,0.0
2023-12-13 08:41:38,Spirulina 003,pio001,2023-12-13T08:41:38.672807Z,0.0
2023-12-13 09:04:01,Spirulina 003,pio001,2023-12-13T09:04:01.021432Z,0.0
2023-12-13 09:04:07,Spirulina 003,pio001,2023-12-13T09:04:07.279344Z,0.0
2023-12-13 09:04:08,Spirulina 003,pio001,2023-12-13T09:04:08.734419Z,0.0
2023-12-13 09:13:31,Spirulina 003,pio001,2023-12-13T09:13:31.020009Z,0.0
2023-12-13 09:13:37,Spirulina 003,pio001,2023-12-13T09:13:37.286068Z,0.0
2023-12-13 09:13:38,Spirulina 003,pio001,2023-12-13T09:13:38.740731Z,0.0
2023-12-13 09:14:01,Spirulina 003,pio001,2023-12-13T09:14:01.010435Z,0.0
2023-12-13 09:14:12,Spirulina 003,pio001,2023-12-13T09:14:12.312142Z,0.0
2023-12-13 09:14:13,Spirulina 003,pio001,2023-12-13T09:14:13.784406Z,0.0
2023-12-13 09:18:01,Spirulina 003,pio001,2023-12-13T09:18:01.020709Z,0.0
2023-12-13 09:18:07,Spirulina 003,pio001,2023-12-13T09:18:07.334694Z,0.0
2023-12-13 09:18:08,Spirulina 003,pio001,2023-12-13T09:18:08.828469Z,0.0
2023-12-13 10:12:01,Spirulina 003,pio001,2023-12-13T10:12:01.021314Z,0.0
2023-12-13 10:12:07,Spirulina 003,pio001,2023-12-13T10:12:07.284542Z,0.0
2023-12-13 10:12:08,Spirulina 003,pio001,2023-12-13T10:12:08.737447Z,0.0
2023-12-13 10:31:31,Spirulina 003,pio001,2023-12-13T10:31:31.032342Z,0.0
2023-12-13 10:31:37,Spirulina 003,pio001,2023-12-13T10:31:37.299145Z,0.0
2023-12-13 10:31:38,Spirulina 003,pio001,2023-12-13T10:31:38.757856Z,0.0
2023-12-13 10:54:31,Spirulina 003,pio001,2023-12-13T10:54:31.107928Z,0.0
2023-12-13 10:54:37,Spirulina 003,pio001,2023-12-13T10:54:37.397455Z,0.0
2023-12-13 10:54:38,Spirulina 003,pio001,2023-12-13T10:54:38.854592Z,0.0
2023-12-13 10:55:00,Spirulina 003,pio001,2023-12-13T10:55:00.939391Z,0.0
2023-12-13 10:55:07,Spirulina 003,pio001,2023-12-13T10:55:07.224256Z,0.0
2023-12-13 10:55:08,Spirulina 003,pio001,2023-12-13T10:55:08.684480Z,0.0
2023-12-13 11:28:31,Spirulina 003,pio001,2023-12-13T11:28:31.029997Z,0.0
2023-12-13 11:28:37,Spirulina 003,pio001,2023-12-13T11:28:37.320461Z,0.0
2023-12-13 11:28:38,Spirulina 003,pio001,2023-12-13T11:28:38.776116Z,0.0
2023-12-13 11:47:31,Spirulina 003,pio001,2023-12-13T11:47:31.024181Z,0.0
2023-12-13 11:47:37,Spirulina 003,pio001,2023-12-13T11:47:37.284103Z,0.0
2023-12-13 11:47:38,Spirulina 003,pio001,2023-12-13T11:47:38.802879Z,0.0
2023-12-13 12:01:31,Spirulina 003,pio001,2023-12-13T12:01:31.026361Z,0.0
2023-12-13 12:01:37,Spirulina 003,pio001,2023-12-13T12:01:37.308851Z,0.0
2023-12-13 12:01:38,Spirulina 003,pio001,2023-12-13T12:01:38.786369Z,0.0
2023-12-13 12:26:31,Spirulina 003,pio001,2023-12-13T12:26:31.093829Z,0.0
2023-12-13 12:26:37,Spirulina 003,pio001,2023-12-13T12:26:37.358768Z,0.0
2023-12-13 12:26:38,Spirulina 003,pio001,2023-12-13T12:26:38.819997Z,0.0
2023-12-13 12:27:00,Spirulina 003,pio001,2023-12-13T12:27:00.994021Z,0.0
2023-12-13 12:27:07,Spirulina 003,pio001,2023-12-13T12:27:07.258302Z,0.0
2023-12-13 12:27:08,Spirulina 003,pio001,2023-12-13T12:27:08.721963Z,0.0
2023-12-13 12:57:01,Spirulina 003,pio001,2023-12-13T12:57:01.095607Z,0.0
2023-12-13 12:57:07,Spirulina 003,pio001,2023-12-13T12:57:07.367948Z,0.0
2023-12-13 12:57:08,Spirulina 003,pio001,2023-12-13T12:57:08.836897Z,0.0
2023-12-13 13:15:31,Spirulina 003,pio001,2023-12-13T13:15:31.133698Z,0.0
2023-12-13 13:15:37,Spirulina 003,pio001,2023-12-13T13:15:37.419385Z,0.0
2023-12-13 13:15:38,Spirulina 003,pio001,2023-12-13T13:15:38.876981Z,0.0
2023-12-13 13:48:01,Spirulina 003,pio001,2023-12-13T13:48:01.022908Z,0.0
2023-12-13 13:48:07,Spirulina 003,pio001,2023-12-13T13:48:07.297703Z,0.0
2023-12-13 13:48:08,Spirulina 003,pio001,2023-12-13T13:48:08.773262Z,0.0
2023-12-13 14:22:01,Spirulina 003,pio001,2023-12-13T14:22:01.028064Z,0.0
2023-12-13 14:22:07,Spirulina 003,pio001,2023-12-13T14:22:07.294617Z,0.0
2023-12-13 14:22:08,Spirulina 003,pio001,2023-12-13T14:22:08.777508Z,0.0
2023-12-13 14:38:01,Spirulina 003,pio001,2023-12-13T14:38:01.033921Z,0.0
2023-12-13 14:38:07,Spirulina 003,pio001,2023-12-13T14:38:07.312404Z,0.0
2023-12-13 14:38:08,Spirulina 003,pio001,2023-12-13T14:38:08.775704Z,0.0
2023-12-13 15:10:01,Spirulina 003,pio001,2023-12-13T15:10:01.022981Z,0.0
2023-12-13 15:10:07,Spirulina 003,pio001,2023-12-13T15:10:07.286924Z,0.0
2023-12-13 15:10:08,Spirulina 003,pio001,2023-12-13T15:10:08.745995Z,0.0
2023-12-13 15:30:01,Spirulina 003,pio001,2023-12-13T15:30:01.121762Z,0.0
2023-12-13 15:30:07,Spirulina 003,pio001,2023-12-13T15:30:07.444809Z,0.0
2023-12-13 15:30:08,Spirulina 003,pio001,2023-12-13T15:30:08.909598Z,0.0
2023-12-13 17:58:01,Spirulina 003,pio001,2023-12-13T17:58:01.027315Z,0.0
2023-12-13 17:58:07,Spirulina 003,pio001,2023-12-13T17:58:07.311917Z,0.0
2023-12-13 17:58:08,Spirulina 003,pio001,2023-12-13T17:58:08.820156Z,0.0
2023-12-13 18:19:01,Spirulina 003,pio001,2023-12-13T18:19:01.024821Z,0.0
2023-12-13 18:19:07,Spirulina 003,pio001,2023-12-13T18:19:07.305425Z,0.0
2023-12-13 18:19:08,Spirulina 003,pio001,2023-12-13T18:19:08.763920Z,0.0
2023-12-13 18:29:31,Spirulina 003,pio001,2023-12-13T18:29:31.126875Z,0.0
2023-12-13 18:29:37,Spirulina 003,pio001,2023-12-13T18:29:37.419866Z,0.0
2023-12-13 18:29:38,Spirulina 003,pio001,2023-12-13T18:29:38.896119Z,0.0
2023-12-13 18:37:31,Spirulina 003,pio001,2023-12-13T18:37:31.022238Z,0.0
2023-12-13 18:37:37,Spirulina 003,pio001,2023-12-13T18:37:37.326134Z,0.0
2023-12-13 18:37:38,Spirulina 003,pio001,2023-12-13T18:37:38.815116Z,0.0
2023-12-13 18:44:31,Spirulina 003,pio001,2023-12-13T18:44:31.128685Z,0.0
2023-12-13 18:44:37,Spirulina 003,pio001,2023-12-13T18:44:37.423035Z,0.0
2023-12-13 18:44:38,Spirulina 003,pio001,2023-12-13T18:44:38.921821Z,0.0
2023-12-13 18:49:31,Spirulina 003,pio001,2023-12-13T18:49:31.026011Z,0.0
2023-12-13 18:49:42,Spirulina 003,pio001,2023-12-13T18:49:42.333340Z,0.0
2023-12-13 18:49:43,Spirulina 003,pio001,2023-12-13T18:49:43.796292Z,0.0
2023-12-13 18:52:01,Spirulina 003,pio001,2023-12-13T18:52:01.027446Z,0.0
2023-12-13 18:52:07,Spirulina 003,pio001,2023-12-13T18:52:07.290574Z,0.0
2023-12-13 18:52:08,Spirulina 003,pio001,2023-12-13T18:52:08.759234Z,0.0
2023-12-14 04:10:01,Spirulina 003,pio001,2023-12-14T04:10:01.019714Z,0.0
2023-12-14 04:10:07,Spirulina 003,pio001,2023-12-14T04:10:07.276278Z,0.0
2023-12-14 04:10:08,Spirulina 003,pio001,2023-12-14T04:10:08.742316Z,0.0
2023-12-14 04:10:30,Spirulina 003,pio001,2023-12-14T04:10:30.915148Z,0.0
2023-12-14 04:10:37,Spirulina 003,pio001,2023-12-14T04:10:37.173593Z,0.0
2023-12-14 04:10:38,Spirulina 003,pio001,2023-12-14T04:10:38.640309Z,0.0
2023-12-14 04:11:00,Spirulina 003,pio001,2023-12-14T04:11:00.918488Z,0.0
2023-12-14 04:11:07,Spirulina 003,pio001,2023-12-14T04:11:07.199045Z,0.0
2023-12-14 04:11:08,Spirulina 003,pio001,2023-12-14T04:11:08.655393Z,0.0
2023-12-14 04:23:01,Spirulina 003,pio001,2023-12-14T04:23:01.024697Z,0.0
2023-12-14 04:23:07,Spirulina 003,pio001,2023-12-14T04:23:07.298885Z,0.0
2023-12-14 04:23:08,Spirulina 003,pio001,2023-12-14T04:23:08.748189Z,0.0
2023-12-14 04:23:30,Spirulina 003,pio001,2023-12-14T04:23:30.998705Z,0.0
2023-12-14 04:23:37,Spirulina 003,pio001,2023-12-14T04:23:37.267207Z,0.0
2023-12-14 04:23:38,Spirulina 003,pio001,2023-12-14T04:23:38.730559Z,0.0
2023-12-14 04:34:01,Spirulina 003,pio001,2023-12-14T04:34:01.021076Z,0.0
2023-12-14 04:34:07,Spirulina 003,pio001,2023-12-14T04:34:07.289182Z,0.0
2023-12-14 04:34:08,Spirulina 003,pio001,2023-12-14T04:34:08.759773Z,0.0
2023-12-14 04:34:31,Spirulina 003,pio001,2023-12-14T04:34:31.108846Z,0.0
2023-12-14 04:34:37,Spirulina 003,pio001,2023-12-14T04:34:37.383751Z,0.0
2023-12-14 04:34:38,Spirulina 003,pio001,2023-12-14T04:34:38.833339Z,0.0
2023-12-14 04:51:31,Spirulina 003,pio001,2023-12-14T04:51:31.024682Z,0.0
2023-12-14 04:51:37,Spirulina 003,pio001,2023-12-14T04:51:37.296310Z,0.0
2023-12-14 04:51:38,Spirulina 003,pio001,2023-12-14T04:51:38.784940Z,0.0
2023-12-14 04:52:00,Spirulina 003,pio001,2023-12-14T04:52:00.925996Z,0.0
2023-12-14 04:52:07,Spirulina 003,pio001,2023-12-14T04:52:07.204475Z,0.0
2023-12-14 04:52:08,Spirulina 003,pio001,2023-12-14T04:52:08.662072Z,0.0
2023-12-14 05:09:31,Spirulina 003,pio001,2023-12-14T05:09:31.020396Z,0.0
2023-12-14 05:09:37,Spirulina 003,pio001,2023-12-14T05:09:37.293082Z,0.0
2023-12-14 05:09:38,Spirulina 003,pio001,2023-12-14T05:09:38.748565Z,0.0
2023-12-14 05:12:31,Spirulina 003,pio001,2023-12-14T05:12:31.021194Z,0.0
2023-12-14 05:12:37,Spirulina 003,pio001,2023-12-14T05:12:37.284834Z,0.0
2023-12-14 05:12:38,Spirulina 003,pio001,2023-12-14T05:12:38.742449Z,0.0
2023-12-14 05:21:01,Spirulina 003,pio001,2023-12-14T05:21:01.025919Z,0.0
2023-12-14 05:21:07,Spirulina 003,pio001,2023-12-14T05:21:07.295811Z,0.0
2023-12-14 05:21:08,Spirulina 003,pio001,2023-12-14T05:21:08.750180Z,0.0
2023-12-14 06:11:01,Spirulina 003,pio001,2023-12-14T06:11:01.022702Z,0.0
2023-12-14 06:11:07,Spirulina 003,pio001,2023-12-14T06:11:07.275305Z,0.0
2023-12-14 06:11:08,Spirulina 003,pio001,2023-12-14T06:11:08.734707Z,0.0
2023-12-14 06:15:31,Spirulina 003,pio001,2023-12-14T06:15:31.130562Z,0.0
2023-12-14 06:15:37,Spirulina 003,pio001,2023-12-14T06:15:37.441876Z,0.0
2023-12-14 06:15:38,Spirulina 003,pio001,2023-12-14T06:15:38.900696Z,0.0
2023-12-14 06:16:00,Spirulina 003,pio001,2023-12-14T06:16:00.923464Z,0.0
2023-12-14 06:16:07,Spirulina 003,pio001,2023-12-14T06:16:07.203155Z,0.0
2023-12-14 06:16:08,Spirulina 003,pio001,2023-12-14T06:16:08.723054Z,0.0
2023-12-14 08:49:31,Spirulina 003,pio001,2023-12-14T08:49:31.018033Z,0.0
2023-12-14 08:49:37,Spirulina 003,pio001,2023-12-14T08:49:37.291687Z,0.0
2023-12-14 08:49:38,Spirulina 003,pio001,2023-12-14T08:49:38.753939Z,0.0
2023-12-14 08:50:00,Spirulina 003,pio001,2023-12-14T08:50:00.926424Z,0.0
2023-12-14 08:50:07,Spirulina 003,pio001,2023-12-14T08:50:07.196960Z,0.0
2023-12-14 08:50:08,Spirulina 003,pio001,2023-12-14T08:50:08.663907Z,0.0
2023-12-14 09:11:01,Spirulina 003,pio001,2023-12-14T09:11:01.025690Z,0.0
2023-12-14 09:11:07,Spirulina 003,pio001,2023-12-14T09:11:07.307427Z,0.0
2023-12-14 09:11:08,Spirulina 003,pio001,2023-12-14T09:11:08.766981Z,0.0
2023-12-14 09:26:31,Spirulina 003,pio001,2023-12-14T09:26:31.025780Z,0.0
2023-12-14 09:26:37,Spirulina 003,pio001,2023-12-14T09:26:37.340368Z,0.0
2023-12-14 09:26:38,Spirulina 003,pio001,2023-12-14T09:26:38.839394Z,0.0
2023-12-14 09:32:31,Spirulina 003,pio001,2023-12-14T09:32:31.105410Z,0.0
2023-12-14 09:32:37,Spirulina 003,pio001,2023-12-14T09:32:37.399093Z,0.0
2023-12-14 09:32:38,Spirulina 003,pio001,2023-12-14T09:32:38.860248Z,0.0
2023-12-14 09:41:31,Spirulina 003,pio001,2023-12-14T09:41:31.020047Z,0.0
2023-12-14 09:41:37,Spirulina 003,pio001,2023-12-14T09:41:37.327688Z,0.0
2023-12-14 09:41:38,Spirulina 003,pio001,2023-12-14T09:41:38.784766Z,0.0
2023-12-15 16:01:01,Spirulina 003,pio001,2023-12-15T16:01:01.111161Z,0.0
2023-12-19 02:28:01,Spirulina 003,pio001,2023-12-19T02:28:01.028273Z,0.0
2023-12-19 02:28:07,Spirulina 003,pio001,2023-12-19T02:28:07.300388Z,0.0
2023-12-19 02:28:08,Spirulina 003,pio001,2023-12-19T02:28:08.786842Z,0.0
2023-12-19 02:28:30,Spirulina 003,pio001,2023-12-19T02:28:30.917208Z,0.0
2023-12-19 02:28:37,Spirulina 003,pio001,2023-12-19T02:28:37.182348Z,0.0
2023-12-19 02:28:38,Spirulina 003,pio001,2023-12-19T02:28:38.650847Z,0.0
2023-12-19 02:29:00,Spirulina 003,pio001,2023-12-19T02:29:00.924054Z,0.0
2023-12-19 02:29:07,Spirulina 003,pio001,2023-12-19T02:29:07.198282Z,0.0
2023-12-19 02:29:08,Spirulina 003,pio001,2023-12-19T02:29:08.646729Z,0.0
2023-12-19 02:32:01,Spirulina 003,pio001,2023-12-19T02:32:01.022692Z,0.0
2023-12-19 02:32:07,Spirulina 003,pio001,2023-12-19T02:32:07.308200Z,0.0
2023-12-19 02:32:08,Spirulina 003,pio001,2023-12-19T02:32:08.760055Z,0.0
2023-12-19 02:32:30,Spirulina 003,pio001,2023-12-19T02:32:30.923542Z,0.0
2023-12-19 02:32:37,Spirulina 003,pio001,2023-12-19T02:32:37.193836Z,0.0
2023-12-19 02:32:38,Spirulina 003,pio001,2023-12-19T02:32:38.707864Z,0.0
2023-12-19 02:46:01,Spirulina 003,pio001,2023-12-19T02:46:01.022908Z,0.0
2023-12-19 02:46:07,Spirulina 003,pio001,2023-12-19T02:46:07.307297Z,0.0
2023-12-19 02:46:08,Spirulina 003,pio001,2023-12-19T02:46:08.776411Z,0.0
2023-12-19 02:48:01,Spirulina 003,pio001,2023-12-19T02:48:01.004988Z,0.0
2023-12-19 02:48:07,Spirulina 003,pio001,2023-12-19T02:48:07.427642Z,0.0
2023-12-19 02:48:08,Spirulina 003,pio001,2023-12-19T02:48:08.912282Z,0.0
2023-12-19 02:57:31,Spirulina 003,pio001,2023-12-19T02:57:31.019222Z,0.0
2023-12-19 02:57:37,Spirulina 003,pio001,2023-12-19T02:57:37.299201Z,0.0
2023-12-19 02:57:38,Spirulina 003,pio001,2023-12-19T02:57:38.753667Z,0.0
2023-12-19 02:58:00,Spirulina 003,pio001,2023-12-19T02:58:00.920415Z,0.0
2023-12-19 02:58:07,Spirulina 003,pio001,2023-12-19T02:58:07.180358Z,0.0
2023-12-19 02:58:08,Spirulina 003,pio001,2023-12-19T02:58:08.659964Z,0.0
2023-12-19 02:58:31,Spirulina 003,pio001,2023-12-19T02:58:31.009138Z,0.0
2023-12-19 02:58:37,Spirulina 003,pio001,2023-12-19T02:58:37.313582Z,0.0
2023-12-19 02:58:38,Spirulina 003,pio001,2023-12-19T02:58:38.774287Z,0.0
2023-12-19 02:59:00,Spirulina 003,pio001,2023-12-19T02:59:00.919503Z,0.0
2023-12-19 02:59:07,Spirulina 003,pio001,2023-12-19T02:59:07.191431Z,0.0
2023-12-19 02:59:08,Spirulina 003,pio001,2023-12-19T02:59:08.665568Z,0.0
2023-12-19 03:07:01,Spirulina 003,pio001,2023-12-19T03:07:01.020338Z,0.0
2023-12-19 03:07:07,Spirulina 003,pio001,2023-12-19T03:07:07.278728Z,0.0
2023-12-19 03:07:08,Spirulina 003,pio001,2023-12-19T03:07:08.734076Z,0.0
2023-12-19 03:16:01,Spirulina 003,pio001,2023-12-19T03:16:01.019922Z,0.0
2023-12-19 03:16:07,Spirulina 003,pio001,2023-12-19T03:16:07.304681Z,0.0
2023-12-19 03:16:08,Spirulina 003,pio001,2023-12-19T03:16:08.798792Z,0.0
2023-12-19 03:23:31,Spirulina 003,pio001,2023-12-19T03:23:31.028451Z,0.0
2023-12-19 03:23:37,Spirulina 003,pio001,2023-12-19T03:23:37.290363Z,0.0
2023-12-19 03:23:38,Spirulina 003,pio001,2023-12-19T03:23:38.762640Z,0.0
2023-12-19 03:26:31,Spirulina 003,pio001,2023-12-19T03:26:31.023202Z,0.0
2023-12-19 03:26:37,Spirulina 003,pio001,2023-12-19T03:26:37.288858Z,0.0
2023-12-19 03:26:38,Spirulina 003,pio001,2023-12-19T03:26:38.744093Z,0.0
2023-12-19 03:41:01,Spirulina 003,pio001,2023-12-19T03:41:01.024385Z,0.0
2023-12-19 03:41:07,Spirulina 003,pio001,2023-12-19T03:41:07.291315Z,0.0
2023-12-19 03:41:08,Spirulina 003,pio001,2023-12-19T03:41:08.748359Z,0.0
2023-12-19 03:49:31,Spirulina 003,pio001,2023-12-19T03:49:31.127482Z,0.0
2023-12-19 03:49:37,Spirulina 003,pio001,2023-12-19T03:49:37.427196Z,0.0
2023-12-19 03:49:38,Spirulina 003,pio001,2023-12-19T03:49:38.873336Z,0.0
2023-12-19 03:56:01,Spirulina 003,pio001,2023-12-19T03:56:01.027728Z,0.0
2023-12-19 03:56:07,Spirulina 003,pio001,2023-12-19T03:56:07.309974Z,0.0
2023-12-19 03:56:08,Spirulina 003,pio001,2023-12-19T03:56:08.771123Z,0.0
2023-12-19 04:07:31,Spirulina 003,pio001,2023-12-19T04:07:31.017150Z,0.0
2023-12-19 04:07:37,Spirulina 003,pio001,2023-12-19T04:07:37.277070Z,0.0
2023-12-19 04:07:38,Spirulina 003,pio001,2023-12-19T04:07:38.725394Z,0.0
2023-12-19 04:17:01,Spirulina 003,pio001,2023-12-19T04:17:01.081992Z,0.0
2023-12-19 04:17:07,Spirulina 003,pio001,2023-12-19T04:17:07.344338Z,0.0
2023-12-19 04:17:08,Spirulina 003,pio001,2023-12-19T04:17:08.802774Z,0.0
2023-12-19 04:33:31,Spirulina 003,pio001,2023-12-19T04:33:31.023180Z,0.0
2023-12-19 04:33:37,Spirulina 003,pio001,2023-12-19T04:33:37.286685Z,0.0
2023-12-19 04:33:38,Spirulina 003,pio001,2023-12-19T04:33:38.738994Z,0.0
2023-12-19 04:41:31,Spirulina 003,pio001,2023-12-19T04:41:31.018647Z,0.0
2023-12-19 04:41:37,Spirulina 003,pio001,2023-12-19T04:41:37.308183Z,0.0
2023-12-19 04:41:38,Spirulina 003,pio001,2023-12-19T04:41:38.783333Z,0.0
2023-12-19 05:02:31,Spirulina 003,pio001,2023-12-19T05:02:31.025007Z,0.0
2023-12-19 05:02:37,Spirulina 003,pio001,2023-12-19T05:02:37.342405Z,0.0
2023-12-19 05:02:38,Spirulina 003,pio001,2023-12-19T05:02:38.834671Z,0.0
2023-12-19 05:31:31,Spirulina 003,pio001,2023-12-19T05:31:31.031946Z,0.0
2023-12-19 05:31:37,Spirulina 003,pio001,2023-12-19T05:31:37.290691Z,0.0
2023-12-19 05:31:38,Spirulina 003,pio001,2023-12-19T05:31:38.767222Z,0.0
2023-12-19 06:57:31,Spirulina 003,pio001,2023-12-19T06:57:31.026222Z,0.0
2023-12-19 06:57:37,Spirulina 003,pio001,2023-12-19T06:57:37.329823Z,0.0
2023-12-19 06:57:38,Spirulina 003,pio001,2023-12-19T06:57:38.821507Z,0.0
2023-12-19 09:31:01,Spirulina 003,pio001,2023-12-19T09:31:01.025532Z,0.0
2023-12-19 09:31:07,Spirulina 003,pio001,2023-12-19T09:31:07.292985Z,0.0
2023-12-19 09:31:08,Spirulina 003,pio001,2023-12-19T09:31:08.766611Z,0.0
